id,product_id,produce_date,quantity,raw_batches,team,status
B001,P001,2026-07-05,2000,RM001;RM005,一班,running
B002,P002,2026-07-05,1500,RM002;RM006;RM005,一班,running
B003,P005,2026-07-06,3000,RM002;RM009,二班,running
B004,P001,2026-07-07,1800,RM001;RM005,一班,stopped
B005,P003,2026-07-07,1200,RM003;RM005;RM008,二班,alarm
B006,P004,2026-07-08,900,RM003;RM009,三班,running
B007,P006,2026-07-08,800,RM003;RM004;RM007,三班,running
B008,P007,2026-07-09,1000,RM003;RM004;RM010;RM007,二班,running
B009,P008,2026-07-09,2500,RM006;RM009;RM005,一班,running
